state,avg_excess_readmission_ratio,distinct_hospitals
WY,0.9888,55
OH,0.9911,47
AL,0.993,72
GA,0.9941,62
PA,0.9951,47
TN,0.9954,54
MS,0.9959,43
UT,0.9962,58
OK,0.9965,66
VT,0.9965,70
KY,0.9966,59
NY,0.9969,40
WA,0.9971,66
NV,0.9973,67
IA,0.9974,64
MN,0.9975,55
SC,0.9975,52
FL,0.9977,60
IN,0.9977,57
MO,0.9979,74
CT,0.9991,61
LA,0.9994,54
TX,0.9995,53
AK,1.0001,72
HI,1.0001,61
MD,1.0008,67
ID,1.001,42
SD,1.0013,70
DE,1.0017,59
RI,1.0023,73
NH,1.0024,64
CO,1.0025,57
AZ,1.0031,47
AR,1.0032,56
OR,1.0035,69
MA,1.0038,67
ME,1.0039,52
VA,1.0039,65
ND,1.004,61
WI,1.004,68
NC,1.0041,49
MT,1.0047,58
MI,1.005,70
CA,1.0056,55
NM,1.0062,66
NJ,1.0066,58
WV,1.0067,57
KS,1.0074,48
IL,1.0076,53
NE,1.0121,60
